method,seed,reconstruction_mse,u_within_episode_mse,p_variance,u_variance,action_sign_sensitivity,sign_flipped_foreground_mse,composition_max_abs,inverse_max_abs,shuffled_action_foreground_mse
S,0,0.0011004095431417227,0.00387985329143703,0.17044873535633087,0.02487068437039852,0.023442532867193222,0.2193632736386975,2.384185791015625e-07,2.384185791015625e-07,0.10371720302314785
U,0,0.002088165143504739,0.015002022497355938,1.1114139556884766,0.05091458559036255,0.020924916490912437,0.21251456553951895,0.5434260368347168,0.17837995290756226,0.09040910956935874
S,1,0.001032975036650896,0.004198270849883556,0.20159925520420074,0.03068823553621769,0.023404628038406372,0.22119789690016717,2.384185791015625e-07,1.1920928955078125e-07,0.10460346066409523
U,1,0.012336070649325848,0.005775921978056431,0.9125050902366638,1.695074439048767,1.1722187109874938e-10,0.11569416578411115,0.21996867656707764,0.43588805198669434,0.12425102473562494
S,2,0.0011413383763283491,0.004201168194413185,0.38341420888900757,0.042080748826265335,0.023181887343525887,0.21555593450470026,4.76837158203125e-07,4.76837158203125e-07,0.10447259982118805
U,2,0.012517200782895088,0.0015943708131089807,0.0792795792222023,0.09048992395401001,1.2764553303235004e-10,0.11698267336737626,0.02704334259033203,0.054162025451660156,0.12506835485298148
S,3,0.0015716052148491144,0.006171859800815582,0.10720708966255188,0.014347301796078682,0.02027011290192604,0.2153243255299946,2.384185791015625e-07,1.1920928955078125e-07,0.10067259929935188
U,3,0.012392772361636162,0.0014976985985413194,0.027817532420158386,0.02651464194059372,8.822341968084402e-09,0.1165768394708688,0.04128539562225342,0.0823972225189209,0.12520866144242748
S,4,0.0020184884779155254,0.006570558063685894,0.16637812554836273,0.03024974837899208,0.01966703124344349,0.20710706315178035,2.384185791015625e-07,1.1920928955078125e-07,0.10188828580054482
U,4,0.012509066611528397,0.0007310719229280949,0.014058318920433521,0.021315040066838264,1.454205866835423e-09,0.11891711367995324,0.013695716857910156,0.027504920959472656,0.1290276051250652
