method,split,schedule,final_foreground_mse,final_full_mse
S,test,one_-15,0.01956290593184848,0.0014705354114994407
S,test,one_-5,0.01990298247108447,0.0014003226533532143
S,test,one_+0,0.019537035433073776,0.0013729633064940572
S,test,one_+5,0.019978825454660457,0.001398699008859694
S,test,one_+15,0.019434231991733074,0.001456187223084271
S,test,one_-10,0.019751158001706064,0.001428493531420827
S,test,one_+10,0.01959635002383425,0.0014189297799021006
S,test,one_-30,0.019993183297558458,0.0016767248744145036
S,test,one_+30,0.019845222716895154,0.0016507493564859033
S,test,positive,0.047822079879068856,0.005221600644290447
S,test,negative,0.04932636476925288,0.005355615634471178
S,test,mixed,0.0206222863394487,0.0016500018537044525
S,test,inverse,0.019537035322870846,0.0013729633064940572
S,seen,one_-15,0.010812177305196251,0.0008065998554229736
S,seen,one_-5,0.010466510665299314,0.0007440140470862389
S,seen,one_+0,0.010046651257344202,0.000723254750482738
S,seen,one_+5,0.010471481410374194,0.0007444104412570596
S,seen,one_+15,0.010810727583386491,0.0008064418216235936
S,seen,one_-10,0.010628497067258573,0.000770331418607384
S,seen,one_+10,0.010606925611111007,0.0007687545148655772
S,seen,one_-30,0.012150239442898374,0.000994357978925109
S,seen,one_+30,0.012251727362638807,0.0010029005352407694
S,seen,positive,0.045854052900163714,0.004670964553952217
S,seen,negative,0.0463347231950546,0.0047569675371050835
S,seen,mixed,0.012311553747345123,0.0009838677942752838
S,seen,inverse,0.010046651149929076,0.000723254750482738
S,symmetry2,one_-15,0.012948583386558053,0.0008754375157877803
S,symmetry2,one_-5,0.013517810830048799,0.0008352755685336888
S,symmetry2,one_+0,0.013716347964397944,0.0008173317764885724
S,symmetry2,one_+5,0.01359401956528986,0.000824321061372757
S,symmetry2,one_+15,0.012880140943388291,0.0008573406375944614
S,symmetry2,one_-10,0.013343094627555405,0.000860845553688705
S,symmetry2,one_+10,0.013284469014513139,0.0008411070448346436
S,symmetry2,one_-30,0.012772535576023949,0.0009924129117280245
S,symmetry2,one_+30,0.012776806996817616,0.0009682376985438168
S,symmetry2,positive,0.05544266283927807,0.0045733144506812096
S,symmetry2,negative,0.053584189190244505,0.004490881692618132
S,symmetry2,mixed,0.013624826264036372,0.0009596829186193645
S,symmetry2,inverse,0.013716348203489992,0.0008173317764885724
S,symmetry4,one_-15,0.01371232192413499,0.001251719892024994
S,symmetry4,one_-5,0.013999720496699583,0.0012252191081643105
S,symmetry4,one_+0,0.013973217548851025,0.0012197926407679915
S,symmetry4,one_+5,0.01396135267984477,0.0012234507594257593
S,symmetry4,one_+15,0.0138715669025055,0.0012593301944434643
S,symmetry4,one_-10,0.013687352039552497,0.0012208542320877314
S,symmetry4,one_+10,0.013915937413008467,0.0012357011437416077
S,symmetry4,one_-30,0.013904174134827418,0.0013420431641861796
S,symmetry4,one_+30,0.013787554895043708,0.0013217502273619175
S,symmetry4,positive,0.017742452996200163,0.001732623903080821
S,symmetry4,negative,0.01861913726014424,0.0018066574120894074
S,symmetry4,mixed,0.014261156032841244,0.0013131762389093637
S,symmetry4,inverse,0.013973217016699301,0.0012197926407679915
U,test,one_-15,0.10756288261761308,0.010534549131989479
U,test,one_-5,0.11125635786428578,0.010385853238403797
U,test,one_+0,0.11441921870216568,0.010373474098742008
U,test,one_+5,0.11129665990742206,0.010396359488368034
U,test,one_+15,0.10794468558109493,0.010555963031947613
U,test,one_-10,0.10882924294108838,0.010437851771712303
U,test,one_+10,0.1090658723410124,0.010449307970702648
U,test,one_-30,0.1116200106306088,0.011254492215812206
U,test,one_+30,0.1121779878345787,0.011292638257145882
U,test,positive,0.1070369924383083,0.011720583774149418
U,test,negative,0.10766572301009134,0.011854039505124092
U,test,mixed,0.1089298613725815,0.010798104107379913
U,test,inverse,0.11470995907159401,0.010402978397905827
U,seen,one_-15,0.10506807499716338,0.009849391877651215
U,seen,one_-5,0.10781532994934037,0.00971432588994503
U,seen,one_+0,0.1103018343516257,0.009701086208224297
U,seen,one_+5,0.10783160443577892,0.009720479138195515
U,seen,one_+15,0.10504601134618019,0.009848557412624359
U,seen,one_-10,0.1061055620911188,0.00976639799773693
U,seen,one_+10,0.10604721825981685,0.009762810543179512
U,seen,one_-30,0.10888204311225047,0.010517792776226997
U,seen,one_+30,0.1087311326492382,0.010513519868254662
U,seen,positive,0.10481118011037269,0.011004277504980564
U,seen,negative,0.10563352143999312,0.01110731903463602
U,seen,mixed,0.10612941828829196,0.0100980494171381
U,seen,inverse,0.11055471746164336,0.009727519936859608
U,symmetry2,one_-15,0.09733439410361108,0.008920349180698395
U,symmetry2,one_-5,0.10053690455602318,0.008906317874789238
U,symmetry2,one_+0,0.10217600021585546,0.00888754241168499
U,symmetry2,one_+5,0.09926128167378118,0.008872730657458305
U,symmetry2,one_+15,0.09773279559881191,0.00895971991121769
U,symmetry2,one_-10,0.0984957003140843,0.008908465504646301
U,symmetry2,one_+10,0.09874417743208194,0.008931758813560009
U,symmetry2,one_-30,0.10383491778260137,0.009529282338917255
U,symmetry2,one_+30,0.10401305324409005,0.009557041339576244
U,symmetry2,positive,0.10369893965229204,0.010487179271876812
U,symmetry2,negative,0.10501298795754492,0.010629329830408096
U,symmetry2,mixed,0.09944780019859925,0.009066054597496986
U,symmetry2,inverse,0.10244026511895901,0.008905002847313881
U,symmetry4,one_-15,0.05245911575755029,0.005504683591425419
U,symmetry4,one_-5,0.05121303910465232,0.005411229562014341
U,symmetry4,one_+0,0.050975738468515074,0.005418336018919945
U,symmetry4,one_+5,0.05142583783912354,0.005415411200374365
U,symmetry4,one_+15,0.052280672466417356,0.005497300531715155
U,symmetry4,one_-10,0.05183869380987312,0.0054372758604586124
U,symmetry4,one_+10,0.051991104612019126,0.005449313670396805
U,symmetry4,one_-30,0.0546068307357904,0.005757457576692104
U,symmetry4,one_+30,0.053943709049678004,0.005706205032765865
U,symmetry4,positive,0.05512151526201139,0.005810210015624762
U,symmetry4,negative,0.05537667298289993,0.005837872624397278
U,symmetry4,mixed,0.05405916286676575,0.005658169277012348
U,symmetry4,inverse,0.0511853206370025,0.005436033941805363
P,test,one_-15,0.0806757136616816,0.005653259344398975
P,test,one_-5,0.01461518908425749,0.0009139055036939681
P,test,one_+0,0.0,0.0
P,test,one_+5,0.01454036921765749,0.0009104982600547373
P,test,one_+15,0.08099733301034315,0.005673314444720745
P,test,one_-10,0.0456612413192998,0.003034071298316121
P,test,one_+10,0.045810555258980215,0.003042086260393262
P,test,one_-30,0.16779388285502883,0.013125194236636162
P,test,one_+30,0.16812726761229135,0.013161045499145985
P,test,positive,0.28811126370204726,0.027371017262339592
P,test,negative,0.288174502904602,0.02736542373895645
P,test,mixed,0.11505110151863365,0.008989573456346989
P,test,inverse,0.0,0.0
P,seen,one_-15,0.06841680315826719,0.004816216416656971
P,seen,one_-5,0.011590963550803282,0.0007466340903192759
P,seen,one_+0,0.0,0.0
P,seen,one_+5,0.01159306122538355,0.000748037185985595
P,seen,one_+15,0.06845228954874698,0.004817663226276636
P,seen,one_-10,0.0373874505015251,0.0025273673236370087
P,seen,one_+10,0.03728162217962324,0.002521150279790163
P,seen,one_-30,0.15155863495778812,0.0117381876334548
P,seen,one_+30,0.15149744593023926,0.011735239066183567
P,seen,positive,0.28682408122973513,0.02622353285551071
P,seen,negative,0.2868344128884286,0.026230163872241974
P,seen,mixed,0.10274099071630804,0.008069399744272232
P,seen,inverse,0.0,0.0
P,symmetry2,one_-15,0.08900146776099523,0.004763096570968628
P,symmetry2,one_-5,0.0150310285206197,0.0006979862228035927
P,symmetry2,one_+0,0.0,0.0
P,symmetry2,one_+5,0.015201327760027389,0.0007142227841541171
P,symmetry2,one_+15,0.0904980206050684,0.004796091467142105
P,symmetry2,one_-10,0.04842844712803607,0.0024244487285614014
P,symmetry2,one_+10,0.04984465364011083,0.002479077782481909
P,symmetry2,one_-30,0.19660308963216735,0.012250842526555061
P,symmetry2,one_+30,0.19734909428054098,0.012289950624108315
P,symmetry2,positive,0.29955699867152064,0.022987984120845795
P,symmetry2,negative,0.29911077805217445,0.022988907992839813
P,symmetry2,mixed,0.11924568745907968,0.007469344884157181
P,symmetry2,inverse,0.0,0.0
P,symmetry4,one_-15,0.027779672908174145,0.002493305830284953
P,symmetry4,one_-5,0.004909677768603434,0.00039385721902363
P,symmetry4,one_+0,0.0,0.0
P,symmetry4,one_+5,0.005033034106901665,0.0004072812444064766
P,symmetry4,one_+15,0.027624775767641038,0.0024937186390161514
P,symmetry4,one_-10,0.015156164130471385,0.0013044553343206644
P,symmetry4,one_+10,0.015356004827493113,0.0013228957541286945
P,symmetry4,one_-30,0.05752140079758662,0.005702261812984943
P,symmetry4,one_+30,0.05776747779736588,0.00573170930147171
P,symmetry4,positive,0.05776747779736588,0.00573170930147171
P,symmetry4,negative,0.05752140079758662,0.005702261812984943
P,symmetry4,mixed,0.03701315994788707,0.0035468866117298603
P,symmetry4,inverse,0.0,0.0
W,test,one_-15,0.005117068199272216,0.0004068776033818722
W,test,one_-5,0.004616825379416654,0.0003453628160059452
W,test,one_+0,0.0,0.0
W,test,one_+5,0.004664372259189437,0.0003447694471105933
W,test,one_+15,0.005132113873972949,0.0004088932473678142
W,test,one_-10,0.0055879774783761955,0.00042665458749979734
W,test,one_+10,0.005574176420775116,0.0004258484404999763
W,test,one_-30,0.00454598488448915,0.0004052853910252452
W,test,one_+30,0.004578380439557364,0.0004061442450620234
W,test,positive,0.003724242248194522,0.0004061443032696843
W,test,negative,0.0036765576349909726,0.0004052853910252452
W,test,mixed,0.004355593721243563,0.0003634595195762813
W,test,inverse,0.0,0.0
W,seen,one_-15,0.005106686501443115,0.00039320046198554337
W,seen,one_-5,0.004142838438216438,0.00030973117100074887
W,seen,one_+0,0.0,0.0
W,seen,one_+5,0.004153788535474913,0.00031144311651587486
W,seen,one_+15,0.0050756698604671,0.00039289824781008065
W,seen,one_-10,0.005525821953298815,0.0004112854949198663
W,seen,one_+10,0.005474577510358773,0.0004104172403458506
W,seen,one_-30,0.0046310233743557735,0.00039340939838439226
W,seen,one_+30,0.0045706067976473575,0.0003910200612153858
W,seen,positive,0.0037466426513150073,0.0003910172381438315
W,seen,negative,0.0037895911143778337,0.00039340939838439226
W,seen,mixed,0.004344571178788711,0.0003546213556546718
W,seen,inverse,0.0,0.0
W,symmetry2,one_-15,0.006183141953514316,0.000380364537704736
W,symmetry2,one_-5,0.005235541373155338,0.0003009387291967869
W,symmetry2,one_+0,0.0,0.0
W,symmetry2,one_+5,0.005150968516459332,0.00028787204064428806
W,symmetry2,one_+15,0.006456365247340507,0.00039140108856372535
W,symmetry2,one_-10,0.007482002912169056,0.00043162237852811813
W,symmetry2,one_+10,0.007808730806682871,0.0004436116723809391
W,symmetry2,one_-30,0.005279224413447998,0.0003789493639487773
W,symmetry2,one_+30,0.00546699385757158,0.000388093147194013
W,symmetry2,positive,0.004375390146976033,0.000388093147194013
W,symmetry2,negative,0.004385164054707142,0.0003789493930526078
W,symmetry2,mixed,0.005486500741963638,0.0003507638175506145
W,symmetry2,inverse,0.0,0.0
W,symmetry4,one_-15,0.0035233721589990304,0.00029337999876588583
W,symmetry4,one_-5,0.002436733554702081,0.0002209223894169554
W,symmetry4,one_+0,0.0,0.0
W,symmetry4,one_+5,0.0024662948985668476,0.00022165535483509302
W,symmetry4,one_+15,0.0034448762892491823,0.0002955985255539417
W,symmetry4,one_-10,0.0036830683210829157,0.0003155723097734153
W,symmetry4,one_+10,0.0036883148902597572,0.0003190648858435452
W,symmetry4,one_-30,0.003413763747115535,0.00030716563924215734
W,symmetry4,one_+30,0.0033251617339287074,0.00030031081405468285
W,symmetry4,positive,0.0033251621160249553,0.00030031081405468285
W,symmetry4,negative,0.0034137644114982505,0.00030716563924215734
W,symmetry4,mixed,0.003091553826427771,0.0002748924889601767
W,symmetry4,inverse,0.0,0.0
